assigned_droplet_id,initial_droplet_id,frame,initial_pixels,duplicate_pixels
1,1,5,3,
1,2,6,,14
3,3,9,26,
4,4,9,1,
5,5,28,2,
6,6,29,5,
6,8,30,,20
6,9,31,,31
6,10,32,,21
6,12,33,,12
7,7,30,1,
11,11,33,1,
13,13,36,1,
14,14,36,1,
15,15,37,15,
16,16,39,13,
17,17,39,3,
18,18,44,2,
19,19,46,6,
19,20,47,,2
21,21,66,3,
22,22,69,1,
23,23,70,1,
24,24,94,1,
25,25,105,31,
25,26,106,,31
27,27,118,11,
28,28,121,1,
29,29,123,7,
29,30,124,,16
31,31,125,2,
32,32,127,2,
33,33,133,1,
34,34,137,1,
35,35,137,1,
36,36,149,15,
36,38,150,,10
37,37,149,1,
39,39,167,1,
40,40,173,20,
40,42,174,,35
40,44,175,,21
41,41,174,1,
43,43,175,1,
45,45,184,1,
46,46,201,6,
47,47,204,1,
48,48,204,2,
49,49,210,9,
50,50,213,4,
50,51,214,,10
50,52,215,,10
53,53,224,1,
54,54,230,2,
55,55,233,1,
56,56,244,1,
57,57,249,1,
58,58,250,2,
59,59,256,11,
59,61,257,,3
60,60,257,1,
62,62,259,30,
62,63,260,,18
64,64,262,16,
64,66,263,,22
65,65,262,11,
67,67,265,1,
68,68,270,16,
69,69,274,3,
69,70,275,,8
71,71,277,2,
72,72,277,8,
72,73,278,,5
74,74,282,2,
75,75,286,2,
76,76,288,13,
76,77,289,,2
78,78,293,1,
79,79,294,1,
80,80,294,12,
81,81,295,7,
81,82,296,,3
83,83,297,1,
84,84,303,1,
85,85,304,8,
86,86,316,1,
87,87,316,2,
88,88,317,5,
89,89,318,18,
90,90,318,21,
91,91,320,22,
91,94,321,,20
91,95,322,,18
91,99,323,,16
91,101,324,,10
91,106,325,,15
91,109,326,,15
91,115,327,,18
91,118,328,,16
91,120,329,,10
92,92,320,1,
93,93,320,31,
96,96,322,1,
97,97,322,10,
97,100,323,,43
97,104,324,,4
98,98,322,2,
102,102,324,8,
103,103,324,7,
105,105,325,7,
107,107,325,21,
107,113,326,,16
108,108,326,1,
108,114,327,,5
108,117,328,,7
108,119,329,,2
110,110,326,1,
111,111,326,1,
111,116,327,,9
112,112,326,18,
121,121,329,1,
122,122,330,1,
123,123,330,4,
123,125,331,,8
124,124,331,12,
126,126,332,1,
127,127,333,3,
127,130,334,,9
128,128,333,21,
129,129,333,6,
131,131,336,2,
132,132,338,12,
133,133,340,1,
134,134,340,1,
135,135,345,36,
136,136,345,14,
137,137,346,5,
137,138,347,,18
137,139,348,,23
137,140,349,,22
137,141,350,,27
137,144,351,,23
137,145,352,,11
142,142,350,21,
143,143,350,14,
146,146,352,2,
147,147,352,50,
147,149,353,,13
148,148,353,13,
148,151,354,,3
150,150,353,30,
150,153,354,,26
152,152,354,4,
154,154,356,9,
154,157,357,,1
155,155,357,1,
156,156,357,22,
158,158,359,8,
159,159,362,14,
160,160,363,7,
161,161,364,6,
161,164,365,,8
162,162,364,9,
163,163,364,9,
165,165,365,4,
165,167,366,,12
166,166,366,9,
166,168,367,,5
169,169,367,13,
170,170,367,14,
171,171,368,1,
172,172,368,7,
173,173,368,11,
174,174,368,6,
175,175,369,2,
176,176,369,11,
177,177,369,25,
178,178,369,7,
179,179,370,4,
180,180,371,17,
181,181,371,21,
182,182,371,20,
183,183,371,6,
184,184,371,2,
184,194,372,,10
184,208,373,,20
184,219,374,,4
185,185,371,12,
186,186,371,1,
187,187,371,30,
187,196,372,,24
187,210,373,,20
188,188,371,17,
189,189,371,32,
190,190,371,63,
190,198,372,,15
191,191,371,3,
192,192,371,12,
192,203,372,,13
193,193,371,16,
193,206,372,,33
193,213,373,,1
195,195,372,7,
197,197,372,21,
199,199,372,60,
199,212,373,,16
200,200,372,2,
200,211,373,,15
200,225,374,,7
200,234,375,,5
201,201,372,28,
202,202,372,5,
204,204,372,5,
205,205,372,9,
207,207,372,4,
207,214,373,,11
209,209,373,20,
215,215,374,3,
216,216,374,3,
217,217,374,2,
218,218,374,5,
220,220,374,2,
221,221,374,3,
222,222,374,10,
223,223,374,1,
224,224,374,3,
226,226,374,24,
227,227,374,1,
227,235,375,,8
228,228,374,6,
229,229,374,41,
230,230,374,14,
230,239,375,,4
231,231,374,3,
232,232,374,6,
233,233,375,1,
236,236,375,4,
237,237,375,6,
238,238,375,31,
240,240,376,14,
241,241,376,2,
242,242,376,18,
242,251,377,,43
243,243,376,2,
244,244,376,20,
244,256,377,,8
245,245,376,19,
246,246,376,21,
247,247,376,7,
248,248,376,4,
249,249,376,28,
250,250,377,23,
250,260,378,,1
252,252,377,8,
253,253,377,3,
253,261,378,,2
254,254,377,26,
255,255,377,15,
257,257,377,40,
258,258,377,4,
259,259,378,63,
262,262,378,5,
263,263,378,6,
264,264,378,14,
265,265,378,9,
265,273,379,,31
266,266,378,15,
267,267,378,9,
268,268,378,16,
269,269,378,16,
270,270,379,8,
270,282,380,,12
271,271,379,3,
272,272,379,92,
274,274,379,38,
275,275,379,5,
276,276,379,41,
276,284,380,,1
277,277,379,5,
278,278,379,30,
279,279,379,4,
280,280,379,15,
281,281,379,1,
283,283,380,28,
283,291,381,,25
285,285,380,2,
286,286,380,2,
287,287,380,27,
287,295,381,,9
288,288,380,7,
289,289,381,1,
289,299,382,,23
289,310,383,,2
290,290,381,2,
292,292,381,4,
293,293,381,1,
294,294,381,13,
296,296,382,3,
297,297,382,35,
298,298,382,38,
300,300,382,18,
301,301,382,15,
302,302,382,22,
303,303,382,21,
304,304,382,6,
305,305,382,7,
306,306,382,4,
306,311,383,,14
307,307,382,11,
308,308,382,19,
309,309,383,30,
309,319,384,,14
312,312,383,28,
313,313,383,6,
314,314,383,64,
314,327,384,,15
315,315,384,9,
316,316,384,17,
317,317,384,15,
318,318,384,1,
320,320,384,31,
321,321,384,12,
322,322,384,47,
323,323,384,18,
324,324,384,2,
325,325,384,2,
326,326,384,16,
328,328,384,11,
329,329,384,1,
330,330,384,10,
331,331,385,6,
332,332,385,36,
333,333,386,6,
333,337,387,,2
334,334,386,13,
335,335,386,1,
336,336,387,6,
338,338,387,3,
339,339,387,18,
340,340,388,19,
341,341,388,24,
342,342,388,38,
343,343,388,7,
343,347,389,,35
344,344,388,2,
345,345,388,5,
346,346,389,14,
346,348,390,,21
346,352,391,,24
346,358,392,,23
346,363,393,,3
349,349,390,18,
349,355,391,,10
350,350,391,3,
351,351,391,11,
353,353,391,4,
354,354,391,2,
356,356,391,1,
357,357,391,5,
357,361,392,,7
359,359,392,21,
360,360,392,16,
362,362,393,5,
364,364,393,26,
365,365,393,12,
366,366,394,3,
366,373,395,,5
367,367,394,11,
367,374,395,,3
368,368,394,3,
368,375,395,,15
369,369,394,4,
370,370,394,4,
371,371,394,2,
371,380,395,,7
372,372,394,3,
376,376,395,1,
377,377,395,9,
378,378,395,1,
379,379,395,5,
381,381,395,35,
382,382,395,3,
383,383,396,11,
384,384,396,17,
384,388,397,,13
385,385,396,5,
385,390,397,,37
386,386,397,16,
386,396,398,,20
386,398,399,,1
387,387,397,1,
389,389,397,2,
391,391,397,44,
392,392,398,5,
393,393,398,2,
394,394,398,2,
395,395,398,4,
397,397,398,18,
397,399,399,,5
400,400,399,14,
401,401,399,1,
402,402,399,6,
402,408,400,,2
402,414,401,,35
403,403,399,4,
404,404,400,16,
404,410,401,,18
405,405,400,10,
406,406,400,2,
407,407,400,2,
409,409,400,17,
409,416,401,,14
411,411,401,7,
412,412,401,5,
413,413,401,9,
415,415,401,25,
417,417,402,4,
417,421,403,,1
417,428,404,,16
418,418,402,2,
419,419,402,19,
419,424,403,,13
419,433,404,,18
420,420,402,6,
420,427,403,,12
422,422,403,19,
422,431,404,,16
423,423,403,14,
425,425,403,15,
426,426,403,14,
429,429,404,6,
430,430,404,25,
432,432,404,3,
434,434,405,29,
435,435,405,8,
436,436,406,1,
437,437,406,6,
438,438,407,4,
439,439,407,27,
439,449,408,,1
439,462,409,,12
440,440,408,9,
441,441,408,17,
441,452,409,,19
441,466,410,,18
441,481,411,,18
441,493,412,,22
441,505,413,,9
442,442,408,9,
442,453,409,,2
442,467,410,,4
443,443,408,1,
444,444,408,3,
445,445,408,1,
445,455,409,,20
446,446,408,10,
447,447,408,2,
448,448,408,1,
448,458,409,,10
448,471,410,,16
448,484,411,,23
448,497,412,,16
450,450,408,9,
451,451,409,1,
451,465,410,,19
451,478,411,,3
454,454,409,2,
456,456,409,9,
457,457,409,1,
459,459,409,14,
459,474,410,,14
460,460,409,2,
461,461,409,1,
463,463,409,4,
463,475,410,,3
464,464,409,7,
464,476,410,,1
468,468,410,1,
469,469,410,4,
470,470,410,2,
472,472,410,11,
473,473,410,3,
477,477,411,2,
479,479,411,12,
479,489,412,,18
479,500,413,,13
480,480,411,1,
480,490,412,,31
480,504,413,,34
482,482,411,2,
483,483,411,12,
485,485,411,34,
486,486,411,1,
487,487,412,4,
488,488,412,3,
491,491,412,10,
492,492,412,1,
494,494,412,19,
495,495,412,9,
496,496,412,1,
498,498,412,24,
499,499,413,11,
501,501,413,8,
502,502,413,17,
503,503,413,63,
503,510,414,,56
506,506,413,36,
506,515,414,,16
507,507,413,1,
507,522,414,,29
508,508,413,3,
509,509,414,1,
511,511,414,9,
512,512,414,4,
513,513,414,6,
514,514,414,6,
516,516,414,70,
517,517,414,5,
518,518,414,25,
518,527,415,,7
519,519,414,19,
520,520,414,10,
520,528,415,,2
520,538,416,,52
520,555,417,,16
521,521,414,12,
523,523,415,10,
524,524,415,1,
525,525,415,6,
526,526,415,27,
529,529,415,3,
530,530,415,12,
531,531,415,15,
532,532,415,5,
533,533,415,6,
534,534,416,2,
534,545,417,,12
534,560,418,,21
535,535,416,7,
536,536,416,30,
537,537,416,4,
539,539,416,10,
540,540,416,1,
541,541,417,3,
542,542,417,13,
543,543,417,16,
544,544,417,8,
546,546,417,4,
546,561,418,,38
546,586,419,,14
547,547,417,5,
548,548,417,56,
549,549,417,2,
550,550,417,1,
551,551,417,12,
551,570,418,,4
551,591,419,,9
551,609,420,,8
552,552,417,5,
552,572,418,,12
553,553,417,4,
554,554,417,24,
554,574,418,,7
556,556,417,26,
557,557,418,9,
558,558,418,15,
559,559,418,13,
559,584,419,,2
562,562,418,6,
563,563,418,8,
564,564,418,1,
565,565,418,12,
566,566,418,2,
567,567,418,3,
568,568,418,21,
568,590,419,,12
568,607,420,,14
569,569,418,4,
571,571,418,52,
573,573,418,13,
573,593,419,,4
575,575,418,38,
575,600,419,,32
576,576,418,21,
577,577,418,7,
578,578,419,1,
579,579,419,2,
580,580,419,4,
581,581,419,18,
581,602,420,,4
582,582,419,45,
582,603,420,,17
583,583,419,23,
585,585,419,1,
587,587,419,7,
587,605,420,,22
588,588,419,36,
589,589,419,1,
589,606,420,,26
589,623,421,,14
592,592,419,15,
592,610,420,,22
594,594,419,1,
595,595,419,5,
596,596,419,5,
597,597,419,24,
598,598,419,3,
598,614,420,,10
599,599,419,13,
601,601,420,26,
604,604,420,7,
608,608,420,3,
608,625,421,,16
611,611,420,2,
612,612,420,24,
613,613,420,5,
613,628,421,,13
615,615,420,21,
615,631,421,,29
616,616,420,12,
617,617,421,7,
618,618,421,2,
619,619,421,3,
620,620,421,16,
621,621,421,26,
622,622,421,25,
622,640,422,,38
622,655,423,,30
622,666,424,,42
624,624,421,1,
626,626,421,12,
627,627,421,11,
629,629,421,12,
630,630,421,13,
632,632,421,14,
633,633,421,15,
634,634,421,13,
634,649,422,,24
635,635,421,7,
636,636,421,8,
637,637,421,7,
638,638,422,14,
639,639,422,6,
641,641,422,3,
642,642,422,1,
643,643,422,10,
644,644,422,33,
644,657,423,,8
645,645,422,18,
646,646,422,37,
646,661,423,,53
646,672,424,,36
647,647,422,9,
648,648,422,6,
650,650,422,2,
651,651,422,1,
652,652,423,7,
653,653,423,6,
654,654,423,15,
656,656,423,16,
658,658,423,23,
658,670,424,,30
658,679,425,,25
659,659,423,5,
659,671,424,,30
659,681,425,,15
660,660,423,1,
662,662,423,11,
662,673,424,,10
663,663,423,4,
663,674,424,,8
663,686,425,,9
663,699,426,,9
664,664,424,4,
665,665,424,1,
667,667,424,2,
668,668,424,33,
668,678,425,,19
668,691,426,,50
668,709,427,,19
669,669,424,8,
675,675,424,1,
676,676,425,12,
677,677,425,1,
680,680,425,2,
682,682,425,21,
683,683,425,30,
684,684,425,61,
685,685,425,44,
685,696,426,,53
687,687,426,5,
688,688,426,15,
688,704,427,,9
689,689,426,6,
690,690,426,14,
692,692,426,21,
693,693,426,3,
694,694,426,14,
695,695,426,6,
695,713,427,,2
697,697,426,14,
698,698,426,1,
700,700,426,1,
701,701,426,25,
702,702,427,10,
703,703,427,23,
705,705,427,16,
706,706,427,32,
706,720,428,,1
707,707,427,4,
708,708,427,12,
708,723,428,,2
710,710,427,15,
711,711,427,2,
712,712,427,15,
712,727,428,,29
712,738,429,,14
714,714,428,24,
715,715,428,16,
716,716,428,21,
717,717,428,12,
718,718,428,58,
719,719,428,17,
719,733,429,,4
719,742,430,,5
721,721,428,7,
722,722,428,1,
724,724,428,5,
725,725,428,2,
725,736,429,,47
725,747,430,,5
726,726,428,13,
728,728,428,1,
729,729,428,1,
730,730,428,2,
731,731,428,1,
731,740,429,,17
732,732,428,3,
734,734,429,81,
735,735,429,4,
737,737,429,5,
739,739,429,21,
739,749,430,,51
739,764,431,,8
741,741,430,1,
743,743,430,2,
743,762,431,,8
743,774,432,,9
743,783,433,,10
743,796,434,,4
743,813,435,,9
743,824,436,,2
744,744,430,56,
744,760,431,,14
744,773,432,,1
744,784,433,,12
745,745,430,12,
745,763,431,,6
746,746,430,18,
748,748,430,37,
750,750,430,21,
750,765,431,,8
750,778,432,,4
751,751,430,26,
752,752,431,5,
753,753,431,10,
754,754,431,21,
755,755,431,1,
756,756,431,2,
757,757,431,16,
758,758,431,4,
759,759,431,29,
761,761,431,28,
761,772,432,,16
766,766,431,1,
767,767,431,19,
768,768,432,8,
769,769,432,1,
770,770,432,14,
771,771,432,10,
775,775,432,7,
776,776,432,2,
777,777,432,1,
777,787,433,,16
777,797,434,,20
777,816,435,,21
777,827,436,,19
777,837,437,,26
777,849,438,,16
779,779,432,7,
780,780,432,2,
781,781,433,3,
782,782,433,6,
782,791,434,,1
785,785,433,1,
786,786,433,39,
788,788,433,1,
789,789,434,4,
790,790,434,1,
792,792,434,10,
793,793,434,2,
794,794,434,10,
794,808,435,,2
795,795,434,8,
795,809,435,,3
798,798,434,21,
798,817,435,,7
799,799,434,15,
800,800,435,12,
801,801,435,2,
802,802,435,1,
803,803,435,4,
804,804,435,1,
805,805,435,40,
805,819,436,,17
806,806,435,4,
807,807,435,1,
810,810,435,15,
811,811,435,13,
811,821,436,,1
812,812,435,2,
812,823,436,,7
814,814,435,23,
815,815,435,16,
818,818,435,7,
820,820,436,19,
822,822,436,2,
825,825,436,8,
825,833,437,,12
825,845,438,,4
826,826,436,4,
828,828,437,6,
829,829,437,5,
830,830,437,22,
831,831,437,7,
831,843,438,,2
831,861,439,,10
832,832,437,1,
834,834,437,2,
835,835,437,1,
836,836,437,3,
838,838,437,2,
838,851,438,,5
839,839,437,15,
839,856,438,,12
839,866,439,,3
840,840,438,3,
841,841,438,4,
841,860,439,,12
842,842,438,2,
842,862,439,,9
842,871,440,,4
844,844,438,7,
846,846,438,7,
847,847,438,16,
848,848,438,2,
850,850,438,1,
852,852,438,22,
853,853,438,8,
853,865,439,,11
854,854,438,12,
855,855,438,2,
857,857,438,4,
858,858,439,1,
859,859,439,23,
863,863,439,10,
864,864,439,13,
867,867,440,2,
868,868,440,1,
869,869,440,17,
870,870,440,6,
872,872,440,34,
873,873,440,3,
874,874,441,20,
875,875,441,11,
875,882,442,,25
876,876,441,1,
877,877,442,8,
877,886,443,,2
878,878,442,12,
879,879,442,4,
880,880,442,13,
880,890,443,,22
881,881,442,32,
883,883,442,1,
883,895,443,,11
884,884,443,9,
884,896,444,,2
885,885,443,6,
887,887,443,3,
888,888,443,1,
889,889,443,2,
891,891,443,6,
892,892,443,6,
893,893,443,5,
894,894,443,12,
897,897,444,10,
898,898,444,1,
899,899,444,1,
899,905,445,,9
900,900,445,9,
901,901,445,16,
902,902,445,31,
902,908,446,,5
903,903,445,15,
903,910,446,,10
903,918,447,,8
903,929,448,,3
903,937,449,,3
903,945,450,,6
903,956,451,,9
903,969,452,,11
903,989,453,,7
903,1005,454,,11
903,1017,455,,4
904,904,445,2,
906,906,446,1,
907,907,446,16,
907,916,447,,17
909,909,446,1,
911,911,446,4,
912,912,446,8,
913,913,447,7,
914,914,447,8,
915,915,447,3,
915,925,448,,5
917,917,447,10,
917,927,448,,2
919,919,447,8,
919,930,448,,22
919,938,449,,1
920,920,447,35,
921,921,447,13,
922,922,448,9,
922,931,449,,23
923,923,448,11,
924,924,448,20,
926,926,448,7,
928,928,448,19,
932,932,449,10,
932,941,450,,4
933,933,449,8,
934,934,449,4,
935,935,449,4,
935,944,450,,15
935,955,451,,40
935,968,452,,41
935,986,453,,17
936,936,449,19,
939,939,449,20,
939,946,450,,28
939,957,451,,13
940,940,450,3,
942,942,450,5,
943,943,450,15,
947,947,450,14,
948,948,450,4,
949,949,451,10,
950,950,451,7,
951,951,451,12,
951,958,452,,9
952,952,451,7,
953,953,451,8,
953,962,452,,16
953,979,453,,18
953,999,454,,20
953,1011,455,,15
954,954,451,12,
959,959,452,24,
960,960,452,4,
960,977,453,,16
960,995,454,,18
961,961,452,6,
963,963,452,2,
964,964,452,19,
965,965,452,3,
965,981,453,,6
966,966,452,2,
966,980,453,,9
966,996,454,,11
966,1010,455,,20
966,1023,456,,2
967,967,452,22,
970,970,452,3,
971,971,452,9,
972,972,453,1,
973,973,453,1,
974,974,453,1,
975,975,453,11,
976,976,453,2,
976,992,454,,12
978,978,453,7,
982,982,453,8,
983,983,453,9,
983,1001,454,,6
984,984,453,9,
985,985,453,17,
987,987,453,1,
987,1006,454,,45
987,1015,455,,15
988,988,453,6,
990,990,454,23,
990,1008,455,,24
990,1022,456,,17
991,991,454,10,
993,993,454,4,
993,1009,455,,20
994,994,454,1,
997,997,454,15,
998,998,454,18,
1000,1000,454,15,
1002,1002,454,1,
1003,1003,454,10,
1004,1004,454,2,
1004,1016,455,,14
1007,1007,455,1,
1007,1020,456,,11
1007,1031,457,,19
1007,1038,458,,22
1007,1045,459,,27
1007,1056,460,,27
1012,1012,455,6,
1013,1013,455,6,
1013,1028,456,,1
1014,1014,455,11,
1014,1029,456,,21
1014,1035,457,,30
1014,1042,458,,34
1014,1051,459,,38
1014,1063,460,,43
1014,1071,461,,38
1014,1079,462,,35
1014,1087,463,,24
1014,1096,464,,16
1014,1108,465,,6
1018,1018,455,11,
1018,1030,456,,16
1018,1036,457,,4
1019,1019,455,1,
1021,1021,456,6,
1024,1024,456,1,
1025,1025,456,1,
1026,1026,456,1,
1027,1027,456,11,
1027,1033,457,,16
1027,1041,458,,8
1032,1032,457,3,
1034,1034,457,1,
1037,1037,458,1,
1039,1039,458,6,
1040,1040,458,18,
1043,1043,458,7,
1043,1052,459,,15
1044,1044,458,11,
1046,1046,459,2,
1047,1047,459,1,
1047,1060,460,,14
1048,1048,459,8,
1049,1049,459,10,
1050,1050,459,1,
1053,1053,459,1,
1053,1065,460,,5
1053,1073,461,,14
1053,1081,462,,6
1054,1054,459,1,
1054,1066,460,,10
1054,1075,461,,10
1054,1083,462,,4
1055,1055,460,5,
1055,1067,461,,3
1057,1057,460,30,
1057,1068,461,,17
1058,1058,460,1,
1059,1059,460,3,
1061,1061,460,3,
1062,1062,460,17,
1064,1064,460,6,
1064,1072,461,,10
1064,1080,462,,1
1064,1090,463,,5
1069,1069,461,5,
1070,1070,461,12,
1074,1074,461,6,
1076,1076,462,2,
1077,1077,462,8,
1078,1078,462,11,
1078,1086,463,,8
1078,1094,464,,6
1082,1082,462,13,
1082,1089,463,,17
1084,1084,462,2,
1084,1091,463,,25
1084,1099,464,,16
1085,1085,463,5,
1088,1088,463,11,
1088,1097,464,,24
1088,1110,465,,29
1088,1121,466,,15
1092,1092,464,28,
1092,1103,465,,8
1092,1114,466,,11
1092,1124,467,,24
1092,1132,468,,24
1092,1137,469,,4
1093,1093,464,1,
1093,1105,465,,23
1093,1117,466,,35
1093,1127,467,,24
1095,1095,464,1,
1098,1098,464,11,
1098,1112,465,,24
1100,1100,465,1,
1101,1101,465,5,
1102,1102,465,3,
1102,1113,466,,10
1104,1104,465,14,
1106,1106,465,12,
1106,1116,466,,19
1106,1125,467,,10
1107,1107,465,13,
1109,1109,465,8,
1111,1111,465,9,
1111,1122,466,,11
1111,1129,467,,4
1115,1115,466,1,
1118,1118,466,1,
1119,1119,466,19,
1119,1128,467,,14
1120,1120,466,3,
1123,1123,467,12,
1123,1131,468,,9
1123,1136,469,,7
1126,1126,467,12,
1126,1133,468,,12
1126,1138,469,,7
1130,1130,468,21,
1134,1134,468,22,
1134,1142,469,,18
1135,1135,469,1,
1139,1139,469,1,
1140,1140,469,17,
1140,1147,470,,18
1140,1153,471,,7
1141,1141,469,19,
1141,1148,470,,25
1141,1155,471,,10
1143,1143,469,5,
1144,1144,470,20,
1145,1145,470,9,
1145,1154,471,,5
1146,1146,470,1,
1149,1149,471,43,
1150,1150,471,6,
1151,1151,471,4,
1151,1159,472,,4
1152,1152,471,15,
1152,1160,472,,2
1156,1156,471,14,
1156,1165,472,,22
1157,1157,471,17,
1157,1166,472,,19
1158,1158,472,13,
1161,1161,472,1,
1162,1162,472,1,
1162,1169,473,,5
1163,1163,472,4,
1163,1170,473,,11
1163,1179,474,,18
1164,1164,472,1,
1167,1167,473,2,
1168,1168,473,11,
1168,1173,474,,15
1168,1183,475,,15
1168,1194,476,,12
1168,1208,477,,14
1168,1223,478,,16
1171,1171,473,5,
1172,1172,474,14,
1174,1174,474,10,
1174,1182,475,,14
1174,1193,476,,16
1174,1207,477,,14
1174,1221,478,,11
1174,1233,479,,16
1174,1243,480,,16
1174,1255,481,,14
1174,1266,482,,4
1174,1277,483,,2
1174,1287,484,,3
1174,1299,485,,1
1175,1175,474,4,
1176,1176,474,8,
1177,1177,474,3,
1177,1187,475,,27
1178,1178,474,13,
1180,1180,474,11,
1181,1181,475,10,
1181,1189,476,,10
1181,1206,477,,12
1181,1220,478,,12
1181,1232,479,,12
1181,1242,480,,11
1181,1253,481,,11
1181,1262,482,,15
1181,1273,483,,4
1181,1284,484,,2
1184,1184,475,13,
1184,1197,476,,1
1185,1185,475,12,
1185,1200,476,,26
1186,1186,475,23,
1186,1198,476,,5
1188,1188,475,15,
1190,1190,476,1,
1191,1191,476,1,
1192,1192,476,7,
1195,1195,476,1,
1196,1196,476,14,
1196,1209,477,,5
1199,1199,476,2,
1201,1201,476,1,
1202,1202,476,27,
1202,1210,477,,27
1203,1203,476,2,
1203,1215,477,,13
1203,1229,478,,16
1203,1239,479,,13
1203,1249,480,,13
1203,1260,481,,14
1203,1271,482,,10
1203,1282,483,,8
1203,1294,484,,1
1204,1204,476,7,
1205,1205,477,19,
1205,1219,478,,18
1211,1211,477,26,
1211,1224,478,,32
1211,1235,479,,4
1212,1212,477,22,
1213,1213,477,23,
1214,1214,477,23,
1214,1228,478,,32
1214,1238,479,,35
1214,1246,480,,20
1216,1216,477,1,
1217,1217,477,21,
1217,1230,478,,14
1218,1218,477,17,
1218,1231,478,,27
1218,1240,479,,10
1222,1222,478,14,
1225,1225,478,29,
1226,1226,478,3,
1227,1227,478,3,
1227,1237,479,,25
1227,1245,480,,19
1227,1258,481,,1
1234,1234,479,1,
1236,1236,479,1,
1241,1241,480,4,
1241,1252,481,,3
1241,1263,482,,4
1241,1274,483,,2
1241,1285,484,,4
1241,1296,485,,1
1241,1306,486,,8
1241,1315,487,,5
1241,1323,488,,6
1241,1336,489,,8
1241,1350,490,,6
1244,1244,480,4,
1244,1256,481,,20
1247,1247,480,3,
1248,1248,480,2,
1248,1259,481,,22
1248,1269,482,,29
1248,1281,483,,13
1250,1250,480,13,
1250,1261,481,,26
1250,1272,482,,23
1251,1251,481,2,
1254,1254,481,16,
1254,1265,482,,17
1257,1257,481,5,
1257,1267,482,,9
1257,1279,483,,12
1257,1291,484,,12
1257,1303,485,,14
1257,1312,486,,12
1257,1320,487,,4
1264,1264,482,41,
1264,1276,483,,8
1268,1268,482,13,
1268,1280,483,,31
1268,1292,484,,35
1268,1304,485,,18
1270,1270,482,1,
1275,1275,483,1,
1278,1278,483,10,
1283,1283,484,2,
1286,1286,484,2,
1288,1288,484,2,
1288,1300,485,,10
1289,1289,484,6,
1290,1290,484,19,
1290,1302,485,,2
1293,1293,484,9,
1295,1295,484,7,
1297,1297,485,9,
1298,1298,485,3,
1301,1301,485,6,
1301,1311,486,,15
1301,1319,487,,12
1301,1334,488,,8
1305,1305,485,1,
1307,1307,486,1,
1308,1308,486,7,
1309,1309,486,2,
1310,1310,486,3,
1313,1313,487,4,
1314,1314,487,2,
1316,1316,487,3,
1316,1330,488,,30
1316,1343,489,,6
1316,1354,490,,6
1317,1317,487,1,
1317,1331,488,,7
1317,1344,489,,7
1317,1356,490,,10
1318,1318,487,40,
1318,1332,488,,37
1321,1321,487,1,
1322,1322,487,1,
1324,1324,488,13,
1325,1325,488,2,
1325,1337,489,,18
1326,1326,488,5,
1327,1327,488,7,
1327,1339,489,,12
1327,1352,490,,17
1327,1362,491,,22
1327,1369,492,,14
1327,1379,493,,22
1327,1384,494,,23
1327,1393,495,,14
1328,1328,488,25,
1328,1340,489,,26
1328,1351,490,,13
1329,1329,488,2,
1333,1333,488,3,
1333,1346,489,,5
1335,1335,488,11,
1338,1338,489,5,
1341,1341,489,3,
1342,1342,489,3,
1345,1345,489,19,
1347,1347,489,2,
1348,1348,489,2,
1348,1359,490,,6
1348,1368,491,,4
1349,1349,490,25,
1353,1353,490,10,
1355,1355,490,11,
1357,1357,490,16,
1358,1358,490,7,
1358,1366,491,,5
1360,1360,490,9,
1361,1361,490,2,
1363,1363,491,1,
1364,1364,491,1,
1365,1365,491,23,
1367,1367,491,7,
1367,1375,492,,5
1370,1370,492,3,
1371,1371,492,9,
1372,1372,492,3,
1373,1373,492,7,
1374,1374,492,2,
1376,1376,492,12,
1377,1377,492,3,
1378,1378,493,4,
1380,1380,493,3,
1380,1387,494,,3
1381,1381,493,1,
1382,1382,493,10,
1382,1388,494,,17
1382,1398,495,,10
1383,1383,493,16,
1385,1385,494,1,
1386,1386,494,4,
1386,1395,495,,7
1389,1389,494,10,
1390,1390,495,11,
1391,1391,495,5,
1392,1392,495,1,
1394,1394,495,3,
1396,1396,495,20,
1397,1397,495,1,
1399,1399,496,1,
1400,1400,496,1,
1401,1401,496,17,
1401,1404,497,,15
1402,1402,496,9,
1403,1403,497,6,
1405,1405,497,3,
1406,1406,497,2,
1407,1407,497,25,
1407,1409,498,,3
1407,1413,499,,21
1408,1408,498,11,
1410,1410,498,21,
1410,1415,499,,13
1411,1411,499,13,
1411,1417,500,,11
1412,1412,499,8,
1414,1414,499,15,
1416,1416,500,3,
1416,1423,501,,15
1416,1429,502,,9
1418,1418,500,41,
1418,1425,501,,3
1419,1419,500,9,
1420,1420,500,19,
1420,1426,501,,2
1421,1421,500,1,
1422,1422,500,1,
1422,1427,501,,6
1424,1424,501,3,
1424,1432,502,,20
1424,1438,503,,21
1424,1447,504,,16
1428,1428,502,10,
1430,1430,502,2,
1431,1431,502,4,
1433,1433,502,1,
1434,1434,503,3,
1434,1444,504,,16
1434,1456,505,,17
1434,1466,506,,2
1435,1435,503,1,
1436,1436,503,6,
1436,1443,504,,10
1436,1455,505,,5
1437,1437,503,5,
1437,1445,504,,12
1437,1459,505,,2
1439,1439,503,1,
1439,1452,504,,7
1440,1440,504,4,
1441,1441,504,11,
1441,1453,505,,17
1442,1442,504,9,
1446,1446,504,1,
1448,1448,504,20,
1448,1461,505,,26
1448,1472,506,,16
1449,1449,504,2,
1450,1450,504,3,
1451,1451,504,5,
1454,1454,505,8,
1454,1465,506,,5
1457,1457,505,1,
1457,1470,506,,6
1457,1477,507,,17
1458,1458,505,3,
1460,1460,505,16,
1460,1471,506,,22
1460,1478,507,,23
1460,1483,508,,22
1460,1490,509,,22
1460,1499,510,,15
1460,1503,511,,6
1462,1462,506,13,
1463,1463,506,2,
1464,1464,506,5,
1464,1475,507,,26
1464,1481,508,,27
1467,1467,506,1,
1468,1468,506,11,
1469,1469,506,30,
1469,1476,507,,55
1469,1482,508,,40
1469,1486,509,,18
1473,1473,507,4,
1473,1479,508,,1
1474,1474,507,2,
1474,1480,508,,10
1474,1484,509,,17
1474,1492,510,,10
1474,1500,511,,4
1485,1485,509,14,
1487,1487,509,8,
1487,1496,510,,8
1488,1488,509,12,
1488,1497,510,,20
1488,1501,511,,17
1488,1507,512,,5
1488,1513,513,,6
1488,1518,514,,25
1488,1524,515,,28
1488,1530,516,,33
1488,1537,517,,35
1488,1545,518,,32
1488,1564,519,,28
1488,1576,520,,11
1489,1489,509,23,
1491,1491,510,2,
1493,1493,510,9,
1494,1494,510,34,
1495,1495,510,4,
1498,1498,510,12,
1498,1502,511,,25
1504,1504,512,16,
1505,1505,512,1,
1506,1506,512,2,
1506,1514,513,,12
1508,1508,512,3,
1509,1509,513,1,
1510,1510,513,1,
1511,1511,513,21,
1512,1512,513,5,
1515,1515,514,8,
1515,1520,515,,3
1516,1516,514,1,
1517,1517,514,11,
1517,1522,515,,8
1517,1529,516,,53
1517,1536,517,,48
1517,1544,518,,35
1517,1562,519,,38
1517,1574,520,,37
1519,1519,514,17,
1519,1525,515,,15
1521,1521,515,4,
1523,1523,515,39,
1526,1526,516,3,
1527,1527,516,5,
1528,1528,516,9,
1528,1535,517,,2
1531,1531,516,10,
1532,1532,517,1,
1533,1533,517,19,
1534,1534,517,8,
1534,1539,518,,2
1538,1538,518,1,
1540,1540,518,20,
1541,1541,518,1,
1542,1542,518,28,
1543,1543,518,1,
1546,1546,518,20,
1547,1547,519,14,
1548,1548,519,14,
1549,1549,519,1,
1550,1550,519,26,
1551,1551,519,2,
1552,1552,519,13,
1552,1569,520,,2
1553,1553,519,22,
1554,1554,519,18,
1555,1555,519,6,
1556,1556,519,9,
1557,1557,519,6,
1557,1571,520,,18
1558,1558,519,10,
1559,1559,519,3,
1560,1560,519,18,
1561,1561,519,5,
1563,1563,519,6,
1565,1565,520,5,
1566,1566,520,3,
1567,1567,520,27,
1568,1568,520,8,
1570,1570,520,9,
1572,1572,520,3,
1573,1573,520,15,
1573,1588,521,,17
1573,1600,522,,17
1573,1611,523,,16
1573,1621,524,,9
1573,1629,525,,3
1575,1575,520,5,
1577,1577,521,5,
1578,1578,521,49,
1579,1579,521,16,
1580,1580,521,16,
1581,1581,521,1,
1582,1582,521,23,
1583,1583,521,16,
1584,1584,521,2,
1585,1585,521,1,
1586,1586,521,1,
1587,1587,521,1,
1589,1589,521,15,
1590,1590,521,1,
1591,1591,521,24,
1591,1601,522,,40
1591,1612,523,,29
1591,1620,524,,15
1591,1628,525,,1
1592,1592,521,15,
1593,1593,522,5,
1594,1594,522,4,
1594,1605,523,,7
1595,1595,522,9,
1596,1596,522,3,
1597,1597,522,7,
1598,1598,522,9,
1599,1599,522,7,
1602,1602,523,7,
1603,1603,523,18,
1604,1604,523,1,
1606,1606,523,12,
1606,1617,524,,9
1607,1607,523,20,
1608,1608,523,6,
1609,1609,523,4,
1610,1610,523,21,
1613,1613,524,4,
1614,1614,524,10,
1614,1623,525,,5
1614,1635,526,,6
1614,1647,527,,1
1615,1615,524,1,
1616,1616,524,4,
1618,1618,524,12,
1618,1627,525,,3
1619,1619,524,5,
1622,1622,524,24,
1624,1624,525,29,
1625,1625,525,2,
1626,1626,525,78,
1630,1630,525,7,
1631,1631,525,8,
1632,1632,526,1,
1632,1644,527,,13
1633,1633,526,12,
1634,1634,526,8,
1636,1636,526,3,
1637,1637,526,10,
1638,1638,526,12,
1639,1639,526,22,
1640,1640,526,9,
1641,1641,526,1,
1642,1642,526,2,
1643,1643,527,4,
1645,1645,527,2,
1646,1646,527,2,
1648,1648,527,23,
1648,1661,528,,18
1649,1649,527,2,
1650,1650,527,4,
1650,1663,528,,11
1651,1651,527,9,
1652,1652,527,26,
1652,1666,528,,3
1653,1653,527,4,
1653,1665,528,,3
1654,1654,527,5,
1655,1655,527,3,
1656,1656,527,2,
1657,1657,527,8,
1657,1667,528,,22
1657,1676,529,,29
1657,1685,530,,23
1657,1696,531,,16
1657,1708,532,,14
1657,1722,533,,5
1658,1658,528,1,
1659,1659,528,32,
1660,1660,528,8,
1662,1662,528,18,
1662,1673,529,,2
1664,1664,528,4,
1668,1668,528,13,
1668,1677,529,,15
1669,1669,528,1,
1670,1670,529,17,
1671,1671,529,1,
1672,1672,529,2,
1674,1674,529,11,
1674,1683,530,,15
1675,1675,529,1,
1678,1678,530,7,
1679,1679,530,3,
1679,1692,531,,54
1679,1704,532,,57
1679,1718,533,,42
1679,1729,534,,27
1680,1680,530,2,
1681,1681,530,9,
1681,1690,531,,17
1681,1702,532,,20
1681,1711,533,,6
1682,1682,530,19,
1684,1684,530,5,
1686,1686,530,8,
1687,1687,531,3,
1688,1688,531,4,
1688,1697,532,,13
1689,1689,531,14,
1689,1699,532,,3
1691,1691,531,13,
1691,1703,532,,41
1691,1713,533,,2
1693,1693,531,5,
1694,1694,531,4,
1694,1705,532,,6
1695,1695,531,11,
1698,1698,532,1,
1700,1700,532,1,
1701,1701,532,1,
1706,1706,532,7,
1706,1720,533,,12
1707,1707,532,11,
1707,1721,533,,4
1709,1709,533,1,
1710,1710,533,5,
1712,1712,533,2,
1714,1714,533,4,
1715,1715,533,13,
1715,1725,534,,12
1716,1716,533,9,
1717,1717,533,7,
1717,1726,534,,3
1717,1736,535,,13
1719,1719,533,12,
1723,1723,534,52,
1723,1732,535,,16
1724,1724,534,2,
1727,1727,534,1,
1728,1728,534,4,
1730,1730,534,2,
1730,1738,535,,11
1730,1746,536,,13
1730,1748,537,,11
1731,1731,535,1,
1733,1733,535,10,
1733,1741,536,,7
1734,1734,535,13,
1735,1735,535,23,
1737,1737,535,12,
1737,1745,536,,2
1739,1739,535,4,
1740,1740,535,1,
1742,1742,536,4,
1743,1743,536,17,
1744,1744,536,51,
1744,1747,537,,6
1749,1749,538,1,
1750,1750,538,31,
1750,1752,539,,61
1751,1751,539,1,
1753,1753,539,7,
1754,1754,540,6,
1755,1755,540,3,
1756,1756,540,19,
1756,1758,541,,15
1757,1757,540,73,
1759,1759,541,69,
1759,1762,542,,16
1760,1760,542,9,
1761,1761,542,1,
1763,1763,542,5,
1764,1764,542,1,
1765,1765,543,2,
1766,1766,543,3,
1766,1770,544,,5
1767,1767,543,6,
1768,1768,544,21,
1768,1775,545,,7
1769,1769,544,4,
1769,1774,545,,2
1771,1771,544,11,
1771,1776,545,,27
1772,1772,544,6,
1772,1777,545,,16
1772,1780,546,,18
1772,1781,547,,8
1773,1773,544,22,
1773,1778,545,,12
1779,1779,545,3,
1782,1782,547,12,
1782,1784,548,,9
1783,1783,548,4,
1783,1787,549,,21
1785,1785,548,1,
1786,1786,549,16,
1786,1788,550,,25
1789,1789,550,5,
1790,1790,551,14,
1790,1791,552,,17
1792,1792,554,8,
1793,1793,555,8,
1794,1794,555,3,
1795,1795,555,11,
1795,1796,556,,7
1797,1797,557,9,
1797,1804,558,,9
1798,1798,557,12,
1798,1805,558,,9
1799,1799,557,2,
1800,1800,557,28,
1800,1806,558,,32
1801,1801,558,2,
1802,1802,558,2,
1803,1803,558,32,
1803,1808,559,,15
1807,1807,559,3,
1809,1809,560,12,
1810,1810,560,2,
1811,1811,560,7,
1811,1814,561,,41
1811,1818,562,,57
1811,1820,563,,40
1811,1824,564,,3
1812,1812,560,1,
1813,1813,560,1,
1815,1815,561,1,
1816,1816,561,5,
1817,1817,561,1,
1819,1819,562,2,
1821,1821,563,2,
1822,1822,563,1,
1823,1823,564,10,
1825,1825,564,2,
1826,1826,566,8,
1827,1827,568,6,
1828,1828,568,13,
1829,1829,569,1,
1830,1830,569,1,
1831,1831,569,13,
1831,1833,570,,30
1831,1837,571,,26
1832,1832,570,40,
1832,1836,571,,27
1834,1834,571,28,
1834,1840,572,,10
1835,1835,571,12,
1835,1841,572,,29
1835,1843,573,,24
1838,1838,571,1,
1839,1839,571,6,
1842,1842,572,1,
1844,1844,573,10,
1845,1845,575,13,
1846,1846,575,10,
1846,1847,576,,1
1848,1848,579,5,
1848,1851,580,,1
1849,1849,579,8,
1849,1852,580,,15
1850,1850,580,4,
1853,1853,581,82,
1853,1854,582,,60
1855,1855,582,21,
1856,1856,582,4,
1857,1857,582,7,
1857,1861,583,,4
1858,1858,583,5,
1859,1859,583,12,
1860,1860,583,4,
1862,1862,584,1,
1863,1863,585,2,
1864,1864,585,1,
1865,1865,585,9,
1866,1866,586,13,
1866,1870,587,,10
1867,1867,586,21,
1867,1871,587,,66
1867,1876,588,,45
1868,1868,587,12,
1868,1873,588,,13
1868,1877,589,,3
1869,1869,587,5,
1869,1874,588,,20
1872,1872,587,1,
1875,1875,588,10,
1878,1878,589,1,
1879,1879,589,1,
1880,1880,589,1,
1881,1881,589,9,
1881,1882,590,,42
1883,1883,590,8,
1884,1884,591,1,
1885,1885,591,12,
1885,1889,592,,15
1886,1886,591,17,
1887,1887,591,11,
1888,1888,591,16,
1890,1890,593,4,
1891,1891,593,2,
1892,1892,593,3,
1893,1893,596,4,
1893,1901,597,,7
1894,1894,596,17,
1894,1903,597,,10
1894,1910,598,,8
1895,1895,596,11,
1895,1904,597,,32
1896,1896,596,12,
1897,1897,596,24,
1898,1898,597,1,
1899,1899,597,2,
1899,1905,598,,32
1900,1900,597,4,
1900,1908,598,,13
1902,1902,597,6,
1902,1909,598,,36
1906,1906,598,5,
1907,1907,598,9,
1911,1911,599,2,
1912,1912,599,3,
1913,1913,600,4,
1914,1914,601,7,
1915,1915,601,1,
1916,1916,601,2,
1917,1917,601,7,
1918,1918,601,1,
1919,1919,601,2,
1920,1920,602,21,
1920,1928,603,,35
1921,1921,602,1,
1922,1922,602,1,
1923,1923,602,14,
1923,1929,603,,30
1923,1934,604,,6
1924,1924,602,5,
1925,1925,603,13,
1926,1926,603,16,
1926,1931,604,,25
1926,1941,605,,21
1927,1927,603,16,
1930,1930,604,15,
1932,1932,604,16,
1933,1933,604,11,
1933,1942,605,,15
1933,1947,606,,14
1933,1952,607,,11
1933,1961,608,,9
1933,1968,609,,8
1935,1935,604,17,
1936,1936,605,5,
1937,1937,605,9,
1938,1938,605,7,
1938,1944,606,,34
1939,1939,605,1,
1940,1940,605,7,
1943,1943,606,1,
1943,1949,607,,12
1943,1955,608,,1
1945,1945,606,6,
1945,1951,607,,25
1946,1946,606,2,
1948,1948,606,3,
1950,1950,607,2,
1950,1959,608,,7
1950,1966,609,,16
1953,1953,607,2,
1953,1962,608,,7
1954,1954,608,24,
1956,1956,608,2,
1957,1957,608,4,
1957,1963,609,,1
1957,1971,610,,21
1957,1975,611,,13
1958,1958,608,25,
1958,1964,609,,43
1958,1972,610,,26
1960,1960,608,5,
1965,1965,609,29,
1967,1967,609,21,
1967,1973,610,,1
1969,1969,610,22,
1970,1970,610,17,
1974,1974,610,32,
1974,1977,611,,26
1976,1976,611,1,
1978,1978,611,12,
1978,1985,612,,7
1978,1990,613,,2
1979,1979,612,3,
1980,1980,612,1,
1981,1981,612,14,
1981,1989,613,,15
1982,1982,612,1,
1983,1983,612,1,
1984,1984,612,1,
1986,1986,612,13,
1986,1991,613,,14
1987,1987,613,14,
1988,1988,613,10,
1992,1992,613,3,
1992,1995,614,,12
1993,1993,614,21,
1993,1996,615,,12
1994,1994,614,2,
1997,1997,615,29,
1997,2000,616,,13
1998,1998,615,5,
1998,2002,616,,10
1998,2007,617,,11
1998,2012,618,,20
1998,2020,619,,20
1998,2033,620,,25
1998,2040,621,,27
1998,2046,622,,32
1998,2051,623,,21
1998,2057,624,,22
1998,2063,625,,21
1998,2074,626,,18
1998,2081,627,,13
1998,2086,628,,16
1998,2093,629,,6
1998,2096,630,,2
1999,1999,616,1,
2001,2001,616,8,
2003,2003,616,7,
2004,2004,617,9,
2004,2009,618,,12
2005,2005,617,15,
2006,2006,617,9,
2008,2008,617,4,
2010,2010,618,22,
2010,2013,619,,30
2010,2021,620,,14
2011,2011,618,10,
2011,2016,619,,21
2011,2026,620,,19
2014,2014,619,1,
2015,2015,619,10,
2015,2023,620,,16
2015,2035,621,,10
2017,2017,619,14,
2018,2018,619,12,
2018,2030,620,,8
2019,2019,619,11,
2019,2032,620,,30
2022,2022,620,11,
2024,2024,620,1,
2025,2025,620,2,
2027,2027,620,12,
2027,2038,621,,11
2028,2028,620,10,
2029,2029,620,10,
2029,2039,621,,28
2029,2045,622,,20
2031,2031,620,6,
2034,2034,620,10,
2034,2041,621,,23
2036,2036,621,4,
2037,2037,621,18,
2037,2044,622,,11
2042,2042,621,14,
2043,2043,622,1,
2043,2049,623,,13
2047,2047,622,20,
2048,2048,622,11,
2050,2050,623,13,
2050,2056,624,,10
2052,2052,623,5,
2053,2053,624,22,
2053,2061,625,,9
2054,2054,624,6,
2055,2055,624,18,
2055,2062,625,,1
2055,2071,626,,12
2058,2058,624,14,
2059,2059,624,4,
2059,2066,625,,19
2060,2060,625,12,
2064,2064,625,1,
2065,2065,625,14,
2067,2067,626,4,
2068,2068,626,8,
2069,2069,626,5,
2070,2070,626,2,
2072,2072,626,14,
2073,2073,626,2,
2075,2075,626,36,
2075,2082,627,,41
2075,2088,628,,31
2076,2076,626,2,
2077,2077,626,1,
2078,2078,626,9,
2078,2083,627,,18
2079,2079,626,13,
2080,2080,626,8,
2084,2084,627,7,
2085,2085,628,6,
2085,2091,629,,1
2087,2087,628,14,
2089,2089,629,3,
2089,2095,630,,4
2090,2090,629,3,
2092,2092,629,1,
2094,2094,629,13,
2094,2099,630,,50
2094,2102,631,,39
2094,2107,632,,9
2097,2097,630,6,
2098,2098,630,11,
2100,2100,631,1,
2100,2105,632,,11
2101,2101,631,2,
2103,2103,631,22,
2103,2108,632,,28
2103,2112,633,,1
2104,2104,632,16,
2106,2106,632,15,
2109,2109,632,23,
2110,2110,633,7,
2110,2116,634,,13
2110,2121,635,,9
2111,2111,633,33,
2111,2117,634,,37
2111,2123,635,,32
2111,2128,636,,1
2113,2113,633,6,
2113,2118,634,,13
2114,2114,633,12,
2115,2115,633,1,
2119,2119,634,1,
2120,2120,635,2,
2122,2122,635,14,
2122,2125,636,,2
2124,2124,636,1,
2124,2133,637,,13
2124,2145,638,,5
2126,2126,636,1,
2126,2139,637,,11
2127,2127,636,26,
2127,2140,637,,19
2127,2152,638,,1
2129,2129,637,13,
2129,2141,638,,19
2129,2153,639,,12
2130,2130,637,9,
2131,2131,637,2,
2132,2132,637,12,
2132,2144,638,,18
2132,2157,639,,1
2134,2134,637,1,
2134,2147,638,,21
2135,2135,637,3,
2135,2146,638,,4
2135,2158,639,,3
2136,2136,637,21,
2137,2137,637,1,
2138,2138,637,24,
2138,2151,638,,4
2142,2142,638,1,
2142,2155,639,,8
2142,2164,640,,3
2143,2143,638,9,
2143,2156,639,,20
2143,2165,640,,23
2143,2178,641,,19
2143,2184,642,,11
2148,2148,638,9,
2148,2159,639,,11
2149,2149,638,7,
2149,2160,639,,10
2150,2150,638,9,
2154,2154,639,13,
2161,2161,639,3,
2161,2169,640,,16
2162,2162,639,4,
2163,2163,640,1,
2166,2166,640,8,
2167,2167,640,2,
2168,2168,640,3,
2168,2179,641,,2
2170,2170,640,8,
2171,2171,640,2,
2172,2172,640,25,
2172,2181,641,,89
2172,2192,642,,28
2173,2173,640,1,
2174,2174,640,16,
2175,2175,640,1,
2176,2176,640,9,
2177,2177,640,1,
2180,2180,641,9,
2182,2182,641,6,
2182,2191,642,,15
2183,2183,642,11,
2185,2185,642,28,
2185,2194,643,,8
2186,2186,642,4,
2186,2195,643,,24
2186,2202,644,,16
2187,2187,642,2,
2187,2197,643,,13
2188,2188,642,2,
2189,2189,642,8,
2190,2190,642,17,
2190,2199,643,,18
2193,2193,642,1,
2196,2196,643,17,
2196,2204,644,,21
2196,2210,645,,23
2196,2219,646,,13
2198,2198,643,13,
2200,2200,643,9,
2201,2201,644,15,
2201,2208,645,,20
2201,2216,646,,11
2203,2203,644,13,
2203,2209,645,,24
2203,2217,646,,20
2205,2205,644,2,
2206,2206,644,2,
2207,2207,645,2,
2207,2214,646,,6
2211,2211,645,2,
2212,2212,645,3,
2213,2213,646,12,
2215,2215,646,9,
2215,2228,647,,8
2218,2218,646,10,
2218,2231,647,,14
2218,2239,648,,2
2220,2220,646,4,
2221,2221,646,7,
2221,2233,647,,21
2221,2242,648,,17
2222,2222,646,15,
2223,2223,646,14,
2223,2234,647,,14
2224,2224,646,3,
2225,2225,646,3,
2226,2226,646,1,
2227,2227,646,7,
2229,2229,647,10,
2229,2235,648,,12
2230,2230,647,12,
2230,2237,648,,2
2232,2232,647,3,
2236,2236,648,1,
2238,2238,648,12,
2240,2240,648,6,
2241,2241,648,9,
2243,2243,648,12,
2244,2244,648,2,
2245,2245,648,1,
2246,2246,649,1,
2247,2247,649,12,
2248,2248,649,13,
2249,2249,649,3,
2250,2250,649,1,
2251,2251,649,16,
2252,2252,649,9,
2253,2253,649,12,
2254,2254,649,7,
2255,2255,649,5,
2256,2256,650,1,
2257,2257,650,7,
2258,2258,650,10,
2259,2259,651,2,
2260,2260,651,5,
2261,2261,651,6,
2262,2262,651,2,
2263,2263,652,5,
2264,2264,652,40,
2265,2265,652,2,
2265,2269,653,,37
2265,2276,654,,20
2266,2266,652,8,
2266,2270,653,,14
2267,2267,652,3,
2268,2268,652,5,
2271,2271,653,15,
2271,2277,654,,21
2271,2285,655,,24
2272,2272,653,13,
2272,2279,654,,4
2273,2273,653,4,
2274,2274,654,2,
2274,2281,655,,3
2275,2275,654,19,
2275,2282,655,,18
2278,2278,654,15,
2280,2280,654,17,
2283,2283,655,14,
2283,2290,656,,15
2284,2284,655,20,
2286,2286,655,19,
2286,2292,656,,19
2287,2287,655,22,
2287,2293,656,,37
2287,2297,657,,30
2287,2305,658,,12
2288,2288,655,1,
2289,2289,655,1,
2291,2291,656,2,
2294,2294,656,1,
2294,2298,657,,5
2295,2295,656,1,
2296,2296,657,12,
2299,2299,657,8,
2300,2300,657,7,
2301,2301,657,8,
2302,2302,658,2,
2303,2303,658,10,
2304,2304,658,1,
2304,2306,659,,27
2307,2307,660,7,
2308,2308,661,1,
2309,2309,661,10,
2309,2313,662,,5
2310,2310,661,12,
2311,2311,661,2,
2312,2312,662,3,
2314,2314,662,33,
2314,2318,663,,17
2315,2315,662,6,
2316,2316,662,10,
2317,2317,663,1,
2319,2319,663,10,
2320,2320,663,5,
2321,2321,664,1,
2322,2322,664,6,
2323,2323,664,10,
2324,2324,664,5,
2325,2325,666,1,
2326,2326,666,1,
2327,2327,666,2,
2327,2330,667,,19
2328,2328,666,27,
2328,2332,667,,35
2328,2334,668,,4
2329,2329,666,1,
2331,2331,667,27,
2333,2333,668,3,
2335,2335,668,13,
2336,2336,668,2,
2337,2337,668,7,
2338,2338,669,16,
2339,2339,670,7,
2340,2340,671,35,
2341,2341,671,14,
2341,2345,672,,10
2342,2342,671,6,
2343,2343,671,12,
2344,2344,672,3,
2346,2346,672,10,
2347,2347,672,10,
2348,2348,673,1,
2349,2349,673,12,
2350,2350,673,9,
2351,2351,673,1,
2352,2352,673,3,
2353,2353,674,2,
2354,2354,674,3,
2355,2355,674,13,
2356,2356,675,2,
2357,2357,675,2,
2358,2358,676,14,
2358,2364,677,,19
2359,2359,676,5,
2360,2360,676,16,
2361,2361,676,3,
2362,2362,677,2,
2363,2363,677,6,
2365,2365,677,1,
2365,2369,678,,5
2366,2366,677,1,
2367,2367,678,9,
2368,2368,678,17,
2370,2370,679,24,
2371,2371,679,6,
2372,2372,679,1,
2373,2373,682,13,
2374,2374,683,5,
2375,2375,683,24,
2376,2376,683,3,
2377,2377,684,30,
2378,2378,684,7,
2378,2379,685,,2
2380,2380,686,2,
2381,2381,686,16,
2381,2383,687,,18
2382,2382,687,8,
2384,2384,690,13,
2385,2385,690,6,
2386,2386,691,21,
2386,2387,692,,1
2388,2388,693,8,
2389,2389,693,16,
2390,2390,694,1,
2391,2391,696,2,
2392,2392,696,15,
2393,2393,697,13,
2394,2394,697,1,
2395,2395,697,1,
2396,2396,697,2,
2397,2397,697,12,
2398,2398,698,9,
2399,2399,698,17,
2399,2401,699,,33
2400,2400,698,1,
2402,2402,700,1,
2403,2403,700,10,
2404,2404,700,12,
2405,2405,700,7,
2406,2406,700,16,
2407,2407,702,1,
2407,2409,703,,18
2407,2410,704,,13
2408,2408,702,4,
2411,2411,706,27,
2411,2414,707,,29
2412,2412,706,6,
2413,2413,706,1,
2415,2415,707,19,
2416,2416,707,1,
2417,2417,707,2,
2418,2418,708,10,
2419,2419,708,23,
2420,2420,709,12,
2421,2421,712,4,
2421,2424,713,,19
2422,2422,712,9,
2422,2425,713,,23
2422,2430,714,,26
2422,2435,715,,32
2422,2437,716,,20
2422,2439,717,,7
2423,2423,713,47,
2426,2426,713,8,
2426,2431,714,,15
2426,2436,715,,8
2427,2427,714,13,
2427,2432,715,,9
2428,2428,714,4,
2428,2433,715,,45
2429,2429,714,4,
2429,2434,715,,9
2438,2438,717,2,
2440,2440,719,2,
2441,2441,719,10,
2442,2442,719,7,
2443,2443,719,1,
2443,2444,720,,3
2445,2445,720,1,
2446,2446,722,2,
2447,2447,722,2,
2447,2450,723,,20
2447,2452,724,,3
2448,2448,723,3,
2449,2449,723,6,
2451,2451,724,1,
2451,2455,725,,7
2453,2453,724,14,
2453,2457,725,,21
2453,2460,726,,29
2453,2467,727,,33
2453,2471,728,,31
2453,2474,729,,30
2453,2478,730,,40
2453,2481,731,,33
2453,2482,732,,44
2453,2483,733,,38
2453,2485,734,,1
2454,2454,725,7,
2456,2456,725,8,
2456,2459,726,,22
2456,2466,727,,20
2458,2458,726,18,
2458,2465,727,,4
2461,2461,727,2,
2461,2468,728,,10
2461,2472,729,,14
2461,2475,730,,11
2461,2479,731,,10
2462,2462,727,5,
2463,2463,727,10,
2463,2470,728,,36
2463,2473,729,,35
2463,2476,730,,30
2463,2480,731,,1
2464,2464,727,20,
2464,2469,728,,1
2477,2477,730,23,
2484,2484,733,2,
2486,2486,734,36,
2486,2488,735,,37
2486,2491,736,,30
2486,2493,737,,30
2486,2497,738,,27
2486,2500,739,,18
2487,2487,734,23,
2487,2490,735,,53
2487,2492,736,,65
2487,2494,737,,61
2487,2498,738,,50
2487,2501,739,,53
2487,2503,740,,33
2489,2489,735,9,
2495,2495,737,5,
2495,2499,738,,15
2495,2502,739,,13
2495,2504,740,,1
2496,2496,737,2,
2505,2505,741,1,
2505,2506,742,,24
2507,2507,743,18,
2508,2508,749,27,
2508,2510,750,,31
2508,2512,751,,1
2509,2509,750,1,
2511,2511,751,9,
2513,2513,753,18,
2514,2514,756,1,
2514,2515,757,,27
2516,2516,757,21,
2516,2517,758,,55
2516,2519,759,,43
2518,2518,758,36,
2518,2520,759,,40
2521,2521,760,24,
2521,2522,761,,18
2523,2523,764,2,
2524,2524,764,2,
2524,2525,765,,13
2526,2526,769,3,
2527,2527,769,1,
2528,2528,779,1,
2529,2529,780,1,
2530,2530,805,1,
2531,2531,809,1,
2532,2532,835,1,
2533,2533,840,1,
2534,2534,854,3,
2535,2535,859,1,
2536,2536,864,10,
2537,2537,874,4,
2538,2538,878,2,
2539,2539,880,1,
2540,2540,885,1,
2541,2541,887,2,
2542,2542,891,1,
2543,2543,891,1,
2544,2544,892,1,
2545,2545,897,8,
2546,2546,917,1,
2547,2547,921,1,
2548,2548,925,13,
2548,2549,926,,10
2548,2550,927,,6
2551,2551,929,11,
2551,2552,930,,16
2551,2553,931,,17
2551,2555,932,,2
2554,2554,932,11,
2554,2556,933,,33
2554,2557,934,,41
2554,2558,935,,41
2559,2559,936,42,
2559,2560,937,,36
2559,2561,938,,34
2559,2562,939,,28
2559,2563,940,,19
2559,2564,941,,5
2565,2565,943,6,
2565,2566,944,,12
2565,2567,945,,12
2565,2568,946,,13
2565,2569,947,,9
2565,2570,948,,9
2565,2571,949,,7
2572,2572,952,18,
2573,2573,962,1,
2574,2574,973,1,
2574,2575,974,,42
2574,2576,975,,2
2577,2577,975,4,
2577,2578,976,,10
2577,2579,977,,11
2577,2580,978,,1
2581,2581,1007,1,
2582,2582,1007,2,
2583,2583,1008,1,
2584,2584,1008,1,
2585,2585,1022,1,
2586,2586,1024,8,
2587,2587,1024,1,
2588,2588,1032,1,
2589,2589,1035,2,
2590,2590,1040,6,
2591,2591,1049,13,
2591,2592,1050,,5
2593,2593,1050,1,
2594,2594,1062,23,
2594,2595,1063,,14
2596,2596,1069,1,
2597,2597,1075,1,
2598,2598,1080,2,
2599,2599,1091,2,
2599,2600,1092,,10
2601,2601,1092,6,
2602,2602,1093,1,
2603,2603,1097,22,
2604,2604,1099,30,
2604,2606,1100,,42
2605,2605,1100,3,
2607,2607,1108,14,
2608,2608,1113,5,
2608,2609,1114,,19
2610,2610,1121,3,
2611,2611,1123,24,
2612,2612,1146,1,
2613,2613,1155,3,
